Workbook
Name Slicer_REGION_PRODUCT_NAME: #N/A
Name Slicer_SALESPERSON: #N/A

Sheet CHART 1
A3: Row Labels | B3: Sum of TOTAL INCOME
A4: Apr | B4: 2040
A5: May | B5: 5190
A6: Jun | B6: 2540
A7: Aug | B7: 8700
A8: Sep | B8: 2280
A9: Grand Total | B9: 20750

Sheet Sheet2
A3: Row Labels | B3: Sum of TOTAL INCOME
A4: AMAN | B4: 4110
A5: AMIT | B5: 4150
A6: PRIYA | B6: 3200
A7: SAM | B7: 4000
A8: SUMIT | B8: 5290
A9: Grand Total | B9: 20750

Sheet Sheet3
A3: Row Labels | B3: Sum of TOTAL INCOME
A4: BEVERAGE | B4: 1360
A5: DESSERT | B5: 6170
A6: MAIN COURSE | B6: 13220
A7: Grand Total | B7: 20750

Sheet Sheet4
A3: Row Labels | B3: Sum of TOTAL INCOME
A4: NORTH | B4: 7650
A5: SOUTH | B5: 4210
A6: WEST | B6: 8890
A7: Grand Total | B7: 20750

Sheet Sheet5
A3: Row Labels | B3: Sum of TOTAL INCOME
A4: BURGER | B4: 5920
A5: CAKE | B5: 4450
A6: COKE | B6: 1360
A7: PASTRY | B7: 1720
A8: PIZZA | B8: 7300
A9: Grand Total | B9: 20750

Sheet RAW DATA
A1: ORDER ID | B1: ORDER DATE | C1: COMPANY NAME | D1: CITY | E1: SALESPERSON | F1: REGION PRODUCT NAME | G1: PRODUCT | H1: CATEGORY | I1: UNIT PRICE | J1: QUANTITY | K1: TOTAL INCOME
A2: 101 | B2: =TODAY() -> 46317 | C2: TESLA | D2: PUNE | E2: AMIT | F2: WEST | G2: COKE | H2: =IF(G2="COKE","BEVERAGE",IF(G2="CAKE","DESSERT",IF(G2="PIZZA","MAIN COURSE",IF(G2="BURGER","MAIN COURSE",IF(G2="PASTRY","DESSERT",""))))) -> BEVERAGE | I2: =IF(G2="COKE",20,IF(G2="CAKE",50,IF(G2="PIZZA",100,IF(G2="BURGER",80,IF(G2="PASTRY",40))))) -> 20 | J2: 4 | K2: =I2*J2 -> 80
A3: 102 | B3: 45158 | C3: AMAZON | D3: HYDERABAD | E3: SUMIT | F3: SOUTH | G3: CAKE | H3: =IF(G3="COKE","BEVERAGE",IF(G3="CAKE","DESSERT",IF(G3="PIZZA","MAIN COURSE",IF(G3="BURGER","MAIN COURSE",IF(G3="PASTRY","DESSERT",""))))) -> DESSERT | I3: =IF(G3="COKE",20,IF(G3="CAKE",50,IF(G3="PIZZA",100,IF(G3="BURGER",80,IF(G3="PASTRY",40))))) -> 50 | J3: 3 | K3: =I3*J3 -> 150
A4: 103 | B4: 45097 | C4: FLIPKART | D4: MUMBAI | E4: AMAN | F4: WEST | G4: PIZZA | H4: =IF(G4="COKE","BEVERAGE",IF(G4="CAKE","DESSERT",IF(G4="PIZZA","MAIN COURSE",IF(G4="BURGER","MAIN COURSE",IF(G4="PASTRY","DESSERT",""))))) -> MAIN COURSE | I4: =IF(G4="COKE",20,IF(G4="CAKE",50,IF(G4="PIZZA",100,IF(G4="BURGER",80,IF(G4="PASTRY",40))))) -> 100 | J4: 4 | K4: =I4*J4 -> 400
A5: 104 | B5: 45064 | C5: UBER | D5: GURGAON | E5: SAM | F5: NORTH | G5: BURGER | H5: =IF(G5="COKE","BEVERAGE",IF(G5="CAKE","DESSERT",IF(G5="PIZZA","MAIN COURSE",IF(G5="BURGER","MAIN COURSE",IF(G5="PASTRY","DESSERT",""))))) -> MAIN COURSE | I5: =IF(G5="COKE",20,IF(G5="CAKE",50,IF(G5="PIZZA",100,IF(G5="BURGER",80,IF(G5="PASTRY",40))))) -> 80 | J5: 5 | K5: =I5*J5 -> 400
A6: 105 | B6: 45142 | C6: SHOPSY | D6: DELHI | E6: PRIYA | F6: NORTH | G6: PASTRY | H6: =IF(G6="COKE","BEVERAGE",IF(G6="CAKE","DESSERT",IF(G6="PIZZA","MAIN COURSE",IF(G6="BURGER","MAIN COURSE",IF(G6="PASTRY","DESSERT",""))))) -> DESSERT | I6: =IF(G6="COKE",20,IF(G6="CAKE",50,IF(G6="PIZZA",100,IF(G6="BURGER",80,IF(G6="PASTRY",40))))) -> 40 | J6: 5 | K6: =I6*J6 -> 200
A7: 106 | B7: 45150 | C7: TESLA | D7: NOIDA | E7: AMIT | F7: NORTH | G7: COKE | H7: =IF(G7="COKE","BEVERAGE",IF(G7="CAKE","DESSERT",IF(G7="PIZZA","MAIN COURSE",IF(G7="BURGER","MAIN COURSE",IF(G7="PASTRY","DESSERT",""))))) -> BEVERAGE | I7: =IF(G7="COKE",20,IF(G7="CAKE",50,IF(G7="PIZZA",100,IF(G7="BURGER",80,IF(G7="PASTRY",40))))) -> 20 | J7: 2 | K7: =I7*J7 -> 40
A8: 107 | B8: 45031 | C8: AMAZON | D8: PUNE | E8: SUMIT | F8: WEST | G8: CAKE | H8: =IF(G8="COKE","BEVERAGE",IF(G8="CAKE","DESSERT",IF(G8="PIZZA","MAIN COURSE",IF(G8="BURGER","MAIN COURSE",IF(G8="PASTRY","DESSERT",""))))) -> DESSERT | I8: =IF(G8="COKE",20,IF(G8="CAKE",50,IF(G8="PIZZA",100,IF(G8="BURGER",80,IF(G8="PASTRY",40))))) -> 50 | J8: 5 | K8: =I8*J8 -> 250
A9: 108 | B9: 45154 | C9: FLIPKART | D9: HYDERABAD | E9: AMAN | F9: SOUTH | G9: PIZZA | H9: =IF(G9="COKE","BEVERAGE",IF(G9="CAKE","DESSERT",IF(G9="PIZZA","MAIN COURSE",IF(G9="BURGER","MAIN COURSE",IF(G9="PASTRY","DESSERT",""))))) -> MAIN COURSE | I9: =IF(G9="COKE",20,IF(G9="CAKE",50,IF(G9="PIZZA",100,IF(G9="BURGER",80,IF(G9="PASTRY",40))))) -> 100 | J9: 5 | K9: =I9*J9 -> 500
A10: 109 | B10: 45060 | C10: UBER | D10: MUMBAI | E10: SAM | F10: WEST | G10: BURGER | H10: =IF(G10="COKE","BEVERAGE",IF(G10="CAKE","DESSERT",IF(G10="PIZZA","MAIN COURSE",IF(G10="BURGER","MAIN COURSE",IF(G10="PASTRY","DESSERT",""))))) -> MAIN COURSE | I10: =IF(G10="COKE",20,IF(G10="CAKE",50,IF(G10="PIZZA",100,IF(G10="BURGER",80,IF(G10="PASTRY",40))))) -> 80 | J10: 2 | K10: =I10*J10 -> 160
A11: 110 | B11: 45065 | C11: AMAZON | D11: GURGAON | E11: PRIYA | F11: NORTH | G11: CAKE | H11: =IF(G11="COKE","BEVERAGE",IF(G11="CAKE","DESSERT",IF(G11="PIZZA","MAIN COURSE",IF(G11="BURGER","MAIN COURSE",IF(G11="PASTRY","DESSERT",""))))) -> DESSERT | I11: =IF(G11="COKE",20,IF(G11="CAKE",50,IF(G11="PIZZA",100,IF(G11="BURGER",80,IF(G11="PASTRY",40))))) -> 50 | J11: 1 | K11: =I11*J11 -> 50
A12: 111 | B12: 45079 | C12: FLIPKART | D12: PUNE | E12: AMIT | F12: WEST | G12: PIZZA | H12: =IF(G12="COKE","BEVERAGE",IF(G12="CAKE","DESSERT",IF(G12="PIZZA","MAIN COURSE",IF(G12="BURGER","MAIN COURSE",IF(G12="PASTRY","DESSERT",""))))) -> MAIN COURSE | I12: =IF(G12="COKE",20,IF(G12="CAKE",50,IF(G12="PIZZA",100,IF(G12="BURGER",80,IF(G12="PASTRY",40))))) -> 100 | J12: 3 | K12: =I12*J12 -> 300
A13: 112 | B13: =TODAY() -> 46317 | C13: UBER | D13: HYDERABAD | E13: SUMIT | F13: SOUTH | G13: BURGER | H13: =IF(G13="COKE","BEVERAGE",IF(G13="CAKE","DESSERT",IF(G13="PIZZA","MAIN COURSE",IF(G13="BURGER","MAIN COURSE",IF(G13="PASTRY","DESSERT",""))))) -> MAIN COURSE | I13: =IF(G13="COKE",20,IF(G13="CAKE",50,IF(G13="PIZZA",100,IF(G13="BURGER",80,IF(G13="PASTRY",40))))) -> 80 | J13: 5 | K13: =I13*J13 -> 400
A14: 113 | B14: 45158 | C14: SHOPSY | D14: MUMBAI | E14: AMAN | F14: WEST | G14: PASTRY | H14: =IF(G14="COKE","BEVERAGE",IF(G14="CAKE","DESSERT",IF(G14="PIZZA","MAIN COURSE",IF(G14="BURGER","MAIN COURSE",IF(G14="PASTRY","DESSERT",""))))) -> DESSERT | I14: =IF(G14="COKE",20,IF(G14="CAKE",50,IF(G14="PIZZA",100,IF(G14="BURGER",80,IF(G14="PASTRY",40))))) -> 40 | J14: 2 | K14: =I14*J14 -> 80
A15: 114 | B15: 45097 | C15: TESLA | D15: GURGAON | E15: SAM | F15: NORTH | G15: COKE | H15: =IF(G15="COKE","BEVERAGE",IF(G15="CAKE","DESSERT",IF(G15="PIZZA","MAIN COURSE",IF(G15="BURGER","MAIN COURSE",IF(G15="PASTRY","DESSERT",""))))) -> BEVERAGE | I15: =IF(G15="COKE",20,IF(G15="CAKE",50,IF(G15="PIZZA",100,IF(G15="BURGER",80,IF(G15="PASTRY",40))))) -> 20 | J15: 4 | K15: =I15*J15 -> 80
A16: 115 | B16: 45064 | C16: AMAZON | D16: DELHI | E16: PRIYA | F16: NORTH | G16: COKE | H16: =IF(G16="COKE","BEVERAGE",IF(G16="CAKE","DESSERT",IF(G16="PIZZA","MAIN COURSE",IF(G16="BURGER","MAIN COURSE",IF(G16="PASTRY","DESSERT",""))))) -> BEVERAGE | I16: =IF(G16="COKE",20,IF(G16="CAKE",50,IF(G16="PIZZA",100,IF(G16="BURGER",80,IF(G16="PASTRY",40))))) -> 20 | J16: 3 | K16: =I16*J16 -> 60
A17: 116 | B17: 45142 | C17: FLIPKART | D17: NOIDA | E17: AMIT | F17: NORTH | G17: CAKE | H17: =IF(G17="COKE","BEVERAGE",IF(G17="CAKE","DESSERT",IF(G17="PIZZA","MAIN COURSE",IF(G17="BURGER","MAIN COURSE",IF(G17="PASTRY","DESSERT",""))))) -> DESSERT | I17: =IF(G17="COKE",20,IF(G17="CAKE",50,IF(G17="PIZZA",100,IF(G17="BURGER",80,IF(G17="PASTRY",40))))) -> 50 | J17: 3 | K17: =I17*J17 -> 150
A18: 117 | B18: 45150 | C18: UBER | D18: PUNE | E18: SUMIT | F18: WEST | G18: PIZZA | H18: =IF(G18="COKE","BEVERAGE",IF(G18="CAKE","DESSERT",IF(G18="PIZZA","MAIN COURSE",IF(G18="BURGER","MAIN COURSE",IF(G18="PASTRY","DESSERT",""))))) -> MAIN COURSE | I18: =IF(G18="COKE",20,IF(G18="CAKE",50,IF(G18="PIZZA",100,IF(G18="BURGER",80,IF(G18="PASTRY",40))))) -> 100 | J18: 3 | K18: =I18*J18 -> 300
A19: 118 | B19: 45031 | C19: SHOPSY | D19: HYDERABAD | E19: AMAN | F19: SOUTH | G19: BURGER | H19: =IF(G19="COKE","BEVERAGE",IF(G19="CAKE","DESSERT",IF(G19="PIZZA","MAIN COURSE",IF(G19="BURGER","MAIN COURSE",IF(G19="PASTRY","DESSERT",""))))) -> MAIN COURSE | I19: =IF(G19="COKE",20,IF(G19="CAKE",50,IF(G19="PIZZA",100,IF(G19="BURGER",80,IF(G19="PASTRY",40))))) -> 80 | J19: 1 | K19: =I19*J19 -> 80
A20: 119 | B20: 45064 | C20: TESLA | D20: MUMBAI | E20: SAM | F20: WEST | G20: PASTRY | H20: =IF(G20="COKE","BEVERAGE",IF(G20="CAKE","DESSERT",IF(G20="PIZZA","MAIN COURSE",IF(G20="BURGER","MAIN COURSE",IF(G20="PASTRY","DESSERT",""))))) -> DESSERT | I20: =IF(G20="COKE",20,IF(G20="CAKE",50,IF(G20="PIZZA",100,IF(G20="BURGER",80,IF(G20="PASTRY",40))))) -> 40 | J20: 4 | K20: =I20*J20 -> 160
A21: 120 | B21: 45142 | C21: AMAZON | D21: GURGAON | E21: SUMIT | F21: NORTH | G21: COKE | H21: =IF(G21="COKE","BEVERAGE",IF(G21="CAKE","DESSERT",IF(G21="PIZZA","MAIN COURSE",IF(G21="BURGER","MAIN COURSE",IF(G21="PASTRY","DESSERT",""))))) -> BEVERAGE | I21: =IF(G21="COKE",20,IF(G21="CAKE",50,IF(G21="PIZZA",100,IF(G21="BURGER",80,IF(G21="PASTRY",40))))) -> 20 | J21: 5 | K21: =I21*J21 -> 100
A22: 121 | B22: 45150 | C22: FLIPKART | D22: DELHI | E22: AMAN | F22: NORTH | G22: CAKE | H22: =IF(G22="COKE","BEVERAGE",IF(G22="CAKE","DESSERT",IF(G22="PIZZA","MAIN COURSE",IF(G22="BURGER","MAIN COURSE",IF(G22="PASTRY","DESSERT",""))))) -> DESSERT | I22: =IF(G22="COKE",20,IF(G22="CAKE",50,IF(G22="PIZZA",100,IF(G22="BURGER",80,IF(G22="PASTRY",40))))) -> 50 | J22: 4 | K22: =I22*J22 -> 200
A23: 122 | B23: 45031 | C23: UBER | D23: NOIDA | E23: SAM | F23: NORTH | G23: PIZZA | H23: =IF(G23="COKE","BEVERAGE",IF(G23="CAKE","DESSERT",IF(G23="PIZZA","MAIN COURSE",IF(G23="BURGER","MAIN COURSE",IF(G23="PASTRY","DESSERT",""))))) -> MAIN COURSE | I23: =IF(G23="COKE",20,IF(G23="CAKE",50,IF(G23="PIZZA",100,IF(G23="BURGER",80,IF(G23="PASTRY",40))))) -> 100 | J23: 1 | K23: =I23*J23 -> 100
A24: 123 | B24: 45154 | C24: FLIPKART | D24: PUNE | E24: PRIYA | F24: WEST | G24: BURGER | H24: =IF(G24="COKE","BEVERAGE",IF(G24="CAKE","DESSERT",IF(G24="PIZZA","MAIN COURSE",IF(G24="BURGER","MAIN COURSE",IF(G24="PASTRY","DESSERT",""))))) -> MAIN COURSE | I24: =IF(G24="COKE",20,IF(G24="CAKE",50,IF(G24="PIZZA",100,IF(G24="BURGER",80,IF(G24="PASTRY",40))))) -> 80 | J24: 2 | K24: =I24*J24 -> 160
A25: 124 | B25: 45060 | C25: UBER | D25: HYDERABAD | E25: AMIT | F25: SOUTH | G25: CAKE | H25: =IF(G25="COKE","BEVERAGE",IF(G25="CAKE","DESSERT",IF(G25="PIZZA","MAIN COURSE",IF(G25="BURGER","MAIN COURSE",IF(G25="PASTRY","DESSERT",""))))) -> DESSERT | I25: =IF(G25="COKE",20,IF(G25="CAKE",50,IF(G25="PIZZA",100,IF(G25="BURGER",80,IF(G25="PASTRY",40))))) -> 50 | J25: 3 | K25: =I25*J25 -> 150
... A27: 126 | B27: 45079 | C27: TESLA | D27: GURGAON | E27: AMAN | F27: NORTH | G27: BURGER | H27: =IF(G27="COKE","BEVERAGE",IF(G27="CAKE","DESSERT",IF(G27="PIZZA","MAIN COURSE",IF(G27="BURGER","MAIN COURSE",IF(G27="PASTRY","DESSERT",""))))) -> MAIN COURSE | I27: =IF(G27="COKE",20,IF(G27="CAKE",50,IF(G27="PIZZA",100,IF(G27="BURGER",80,IF(G27="PASTRY",40))))) -> 80 | J27: 3 | K27: =I27*J27 -> 240
A28: 127 | B28: =TODAY() -> 46317 | C28: AMAZON | D28: PUNE | E28: SAM | F28: WEST | G28: CAKE | H28: =IF(G28="COKE","BEVERAGE",IF(G28="CAKE","DESSERT",IF(G28="PIZZA","MAIN COURSE",IF(G28="BURGER","MAIN COURSE",IF(G28="PASTRY","DESSERT",""))))) -> DESSERT | I28: =IF(G28="COKE",20,IF(G28="CAKE",50,IF(G28="PIZZA",100,IF(G28="BURGER",80,IF(G28="PASTRY",40))))) -> 50 | J28: 2 | K28: =I28*J28 -> 100
A29: 128 | B29: 45158 | C29: FLIPKART | D29: HYDERABAD | E29: PRIYA | F29: SOUTH | G29: PIZZA | H29: =IF(G29="COKE","BEVERAGE",IF(G29="CAKE","DESSERT",IF(G29="PIZZA","MAIN COURSE",IF(G29="BURGER","MAIN COURSE",IF(G29="PASTRY","DESSERT",""))))) -> MAIN COURSE | I29: =IF(G29="COKE",20,IF(G29="CAKE",50,IF(G29="PIZZA",100,IF(G29="BURGER",80,IF(G29="PASTRY",40))))) -> 100 | J29: 4 | K29: =I29*J29 -> 400
A30: 129 | B30: 45097 | C30: UBER | D30: MUMBAI | E30: AMIT | F30: WEST | G30: BURGER | H30: =IF(G30="COKE","BEVERAGE",IF(G30="CAKE","DESSERT",IF(G30="PIZZA","MAIN COURSE",IF(G30="BURGER","MAIN COURSE",IF(G30="PASTRY","DESSERT",""))))) -> MAIN COURSE | I30: =IF(G30="COKE",20,IF(G30="CAKE",50,IF(G30="PIZZA",100,IF(G30="BURGER",80,IF(G30="PASTRY",40))))) -> 80 | J30: 3 | K30: =I30*J30 -> 240
A31: 130 | B31: 45064 | C31: AMAZON | D31: GURGAON | E31: SUMIT | F31: NORTH | G31: PASTRY | H31: =IF(G31="COKE","BEVERAGE",IF(G31="CAKE","DESSERT",IF(G31="PIZZA","MAIN COURSE",IF(G31="BURGER","MAIN COURSE",IF(G31="PASTRY","DESSERT",""))))) -> DESSERT | I31: =IF(G31="COKE",20,IF(G31="CAKE",50,IF(G31="PIZZA",100,IF(G31="BURGER",80,IF(G31="PASTRY",40))))) -> 40 | J31: 2 | K31: =I31*J31 -> 80
A32: 131 | B32: 45142 | C32: FLIPKART | D32: GURGAON | E32: AMAN | F32: NORTH | G32: COKE | H32: =IF(G32="COKE","BEVERAGE",IF(G32="CAKE","DESSERT",IF(G32="PIZZA","MAIN COURSE",IF(G32="BURGER","MAIN COURSE",IF(G32="PASTRY","DESSERT",""))))) -> BEVERAGE | I32: =IF(G32="COKE",20,IF(G32="CAKE",50,IF(G32="PIZZA",100,IF(G32="BURGER",80,IF(G32="PASTRY",40))))) -> 20 | J32: 2 | K32: =I32*J32 -> 40
A33: 132 | B33: 45150 | C33: UBER | D33: PUNE | E33: SAM | F33: WEST | G33: CAKE | H33: =IF(G33="COKE","BEVERAGE",IF(G33="CAKE","DESSERT",IF(G33="PIZZA","MAIN COURSE",IF(G33="BURGER","MAIN COURSE",IF(G33="PASTRY","DESSERT",""))))) -> DESSERT | I33: =IF(G33="COKE",20,IF(G33="CAKE",50,IF(G33="PIZZA",100,IF(G33="BURGER",80,IF(G33="PASTRY",40))))) -> 50 | J33: 4 | K33: =I33*J33 -> 200
A34: 133 | B34: 45031 | C34: SHOPSY | D34: HYDERABAD | E34: PRIYA | F34: SOUTH | G34: PIZZA | H34: =IF(G34="COKE","BEVERAGE",IF(G34="CAKE","DESSERT",IF(G34="PIZZA","MAIN COURSE",IF(G34="BURGER","MAIN COURSE",IF(G34="PASTRY","DESSERT",""))))) -> MAIN COURSE | I34: =IF(G34="COKE",20,IF(G34="CAKE",50,IF(G34="PIZZA",100,IF(G34="BURGER",80,IF(G34="PASTRY",40))))) -> 100 | J34: 3 | K34: =I34*J34 -> 300
A35: 134 | B35: 45064 | C35: TESLA | D35: MUMBAI | E35: AMIT | F35: WEST | G35: BURGER | H35: =IF(G35="COKE","BEVERAGE",IF(G35="CAKE","DESSERT",IF(G35="PIZZA","MAIN COURSE",IF(G35="BURGER","MAIN COURSE",IF(G35="PASTRY","DESSERT",""))))) -> MAIN COURSE | I35: =IF(G35="COKE",20,IF(G35="CAKE",50,IF(G35="PIZZA",100,IF(G35="BURGER",80,IF(G35="PASTRY",40))))) -> 80 | J35: 5 | K35: =I35*J35 -> 400
A36: 135 | B36: 45142 | C36: AMAZON | D36: GURGAON | E36: SUMIT | F36: NORTH | G36: CAKE | H36: =IF(G36="COKE","BEVERAGE",IF(G36="CAKE","DESSERT",IF(G36="PIZZA","MAIN COURSE",IF(G36="BURGER","MAIN COURSE",IF(G36="PASTRY","DESSERT",""))))) -> DESSERT | I36: =IF(G36="COKE",20,IF(G36="CAKE",50,IF(G36="PIZZA",100,IF(G36="BURGER",80,IF(G36="PASTRY",40))))) -> 50 | J36: 3 | K36: =I36*J36 -> 150
A37: 136 | B37: 45150 | C37: FLIPKART | D37: DELHI | E37: AMAN | F37: NORTH | G37: PIZZA | H37: =IF(G37="COKE","BEVERAGE",IF(G37="CAKE","DESSERT",IF(G37="PIZZA","MAIN COURSE",IF(G37="BURGER","MAIN COURSE",IF(G37="PASTRY","DESSERT",""))))) -> MAIN COURSE | I37: =IF(G37="COKE",20,IF(G37="CAKE",50,IF(G37="PIZZA",100,IF(G37="BURGER",80,IF(G37="PASTRY",40))))) -> 100 | J37: 2 | K37: =I37*J37 -> 200
A38: 137 | B38: 45031 | C38: FLIPKART | D38: NOIDA | E38: SAM | F38: NORTH | G38: BURGER | H38: =IF(G38="COKE","BEVERAGE",IF(G38="CAKE","DESSERT",IF(G38="PIZZA","MAIN COURSE",IF(G38="BURGER","MAIN COURSE",IF(G38="PASTRY","DESSERT",""))))) -> MAIN COURSE | I38: =IF(G38="COKE",20,IF(G38="CAKE",50,IF(G38="PIZZA",100,IF(G38="BURGER",80,IF(G38="PASTRY",40))))) -> 80 | J38: 4 | K38: =I38*J38 -> 320
A39: 138 | B39: 45154 | C39: UBER | D39: PUNE | E39: PRIYA | F39: WEST | G39: PASTRY | H39: =IF(G39="COKE","BEVERAGE",IF(G39="CAKE","DESSERT",IF(G39="PIZZA","MAIN COURSE",IF(G39="BURGER","MAIN COURSE",IF(G39="PASTRY","DESSERT",""))))) -> DESSERT | I39: =IF(G39="COKE",20,IF(G39="CAKE",50,IF(G39="PIZZA",100,IF(G39="BURGER",80,IF(G39="PASTRY",40))))) -> 40 | J39: 5 | K39: =I39*J39 -> 200
A40: 139 | B40: 45060 | C40: AMAZON | D40: HYDERABAD | E40: AMIT | F40: SOUTH | G40: COKE | H40: =IF(G40="COKE","BEVERAGE",IF(G40="CAKE","DESSERT",IF(G40="PIZZA","MAIN COURSE",IF(G40="BURGER","MAIN COURSE",IF(G40="PASTRY","DESSERT",""))))) -> BEVERAGE | I40: =IF(G40="COKE",20,IF(G40="CAKE",50,IF(G40="PIZZA",100,IF(G40="BURGER",80,IF(G40="PASTRY",40))))) -> 20 | J40: 2 | K40: =I40*J40 -> 40
... A42: 141 | B42: 45079 | C42: UBER | D42: GURGAON | E42: AMAN | F42: NORTH | G42: CAKE | H42: =IF(G42="COKE","BEVERAGE",IF(G42="CAKE","DESSERT",IF(G42="PIZZA","MAIN COURSE",IF(G42="BURGER","MAIN COURSE",IF(G42="PASTRY","DESSERT",""))))) -> DESSERT | I42: =IF(G42="COKE",20,IF(G42="CAKE",50,IF(G42="PIZZA",100,IF(G42="BURGER",80,IF(G42="PASTRY",40))))) -> 50 | J42: 3 | K42: =I42*J42 -> 150
A43: 142 | B43: =TODAY() -> 46317 | C43: SHOPSY | D43: DELHI | E43: SAM | F43: NORTH | G43: PIZZA | H43: =IF(G43="COKE","BEVERAGE",IF(G43="CAKE","DESSERT",IF(G43="PIZZA","MAIN COURSE",IF(G43="BURGER","MAIN COURSE",IF(G43="PASTRY","DESSERT",""))))) -> MAIN COURSE | I43: =IF(G43="COKE",20,IF(G43="CAKE",50,IF(G43="PIZZA",100,IF(G43="BURGER",80,IF(G43="PASTRY",40))))) -> 100 | J43: 4 | K43: =I43*J43 -> 400
A44: 143 | B44: 45158 | C44: TESLA | D44: NOIDA | E44: SUMIT | F44: NORTH | G44: BURGER | H44: =IF(G44="COKE","BEVERAGE",IF(G44="CAKE","DESSERT",IF(G44="PIZZA","MAIN COURSE",IF(G44="BURGER","MAIN COURSE",IF(G44="PASTRY","DESSERT",""))))) -> MAIN COURSE | I44: =IF(G44="COKE",20,IF(G44="CAKE",50,IF(G44="PIZZA",100,IF(G44="BURGER",80,IF(G44="PASTRY",40))))) -> 80 | J44: 3 | K44: =I44*J44 -> 240
A45: 144 | B45: 45142 | C45: AMAZON | D45: PUNE | E45: AMAN | F45: WEST | G45: PASTRY | H45: =IF(G45="COKE","BEVERAGE",IF(G45="CAKE","DESSERT",IF(G45="PIZZA","MAIN COURSE",IF(G45="BURGER","MAIN COURSE",IF(G45="PASTRY","DESSERT",""))))) -> DESSERT | I45: =IF(G45="COKE",20,IF(G45="CAKE",50,IF(G45="PIZZA",100,IF(G45="BURGER",80,IF(G45="PASTRY",40))))) -> 40 | J45: 5 | K45: =I45*J45 -> 200
A46: 145 | B46: 45150 | C46: FLIPKART | D46: HYDERABAD | E46: SAM | F46: SOUTH | G46: COKE | H46: =IF(G46="COKE","BEVERAGE",IF(G46="CAKE","DESSERT",IF(G46="PIZZA","MAIN COURSE",IF(G46="BURGER","MAIN COURSE",IF(G46="PASTRY","DESSERT",""))))) -> BEVERAGE | I46: =IF(G46="COKE",20,IF(G46="CAKE",50,IF(G46="PIZZA",100,IF(G46="BURGER",80,IF(G46="PASTRY",40))))) -> 20 | J46: 3 | K46: =I46*J46 -> 60
A47: 146 | B47: 45031 | C47: UBER | D47: MUMBAI | E47: PRIYA | F47: WEST | G47: CAKE | H47: =IF(G47="COKE","BEVERAGE",IF(G47="CAKE","DESSERT",IF(G47="PIZZA","MAIN COURSE",IF(G47="BURGER","MAIN COURSE",IF(G47="PASTRY","DESSERT",""))))) -> DESSERT | I47: =IF(G47="COKE",20,IF(G47="CAKE",50,IF(G47="PIZZA",100,IF(G47="BURGER",80,IF(G47="PASTRY",40))))) -> 50 | J47: 1 | K47: =I47*J47 -> 50
A48: 147 | B48: 45154 | C48: SHOPSY | D48: HYDERABAD | E48: AMIT | F48: SOUTH | G48: PIZZA | H48: =IF(G48="COKE","BEVERAGE",IF(G48="CAKE","DESSERT",IF(G48="PIZZA","MAIN COURSE",IF(G48="BURGER","MAIN COURSE",IF(G48="PASTRY","DESSERT",""))))) -> MAIN COURSE | I48: =IF(G48="COKE",20,IF(G48="CAKE",50,IF(G48="PIZZA",100,IF(G48="BURGER",80,IF(G48="PASTRY",40))))) -> 100 | J48: 3 | K48: =I48*J48 -> 300
A49: 148 | B49: 45060 | C49: TESLA | D49: MUMBAI | E49: SUMIT | F49: WEST | G49: BURGER | H49: =IF(G49="COKE","BEVERAGE",IF(G49="CAKE","DESSERT",IF(G49="PIZZA","MAIN COURSE",IF(G49="BURGER","MAIN COURSE",IF(G49="PASTRY","DESSERT",""))))) -> MAIN COURSE | I49: =IF(G49="COKE",20,IF(G49="CAKE",50,IF(G49="PIZZA",100,IF(G49="BURGER",80,IF(G49="PASTRY",40))))) -> 80 | J49: 4 | K49: =I49*J49 -> 320
A50: 149 | B50: 45065 | C50: AMAZON | D50: GURGAON | E50: AMAN | F50: NORTH | G50: CAKE | H50: =IF(G50="COKE","BEVERAGE",IF(G50="CAKE","DESSERT",IF(G50="PIZZA","MAIN COURSE",IF(G50="BURGER","MAIN COURSE",IF(G50="PASTRY","DESSERT",""))))) -> DESSERT | I50: =IF(G50="COKE",20,IF(G50="CAKE",50,IF(G50="PIZZA",100,IF(G50="BURGER",80,IF(G50="PASTRY",40))))) -> 50 | J50: 5 | K50: =I50*J50 -> 250
A51: 150 | B51: 45079 | C51: FLIPKART | D51: PUNE | E51: SAM | F51: WEST | G51: BURGER | H51: =IF(G51="COKE","BEVERAGE",IF(G51="CAKE","DESSERT",IF(G51="PIZZA","MAIN COURSE",IF(G51="BURGER","MAIN COURSE",IF(G51="PASTRY","DESSERT",""))))) -> MAIN COURSE | I51: =IF(G51="COKE",20,IF(G51="CAKE",50,IF(G51="PIZZA",100,IF(G51="BURGER",80,IF(G51="PASTRY",40))))) -> 80 | J51: 2 | K51: =I51*J51 -> 160
A52: 151 | B52: =TODAY() -> 46317 | C52: UBER | D52: HYDERABAD | E52: PRIYA | F52: SOUTH | G52: CAKE | H52: =IF(G52="COKE","BEVERAGE",IF(G52="CAKE","DESSERT",IF(G52="PIZZA","MAIN COURSE",IF(G52="BURGER","MAIN COURSE",IF(G52="PASTRY","DESSERT",""))))) -> DESSERT | I52: =IF(G52="COKE",20,IF(G52="CAKE",50,IF(G52="PIZZA",100,IF(G52="BURGER",80,IF(G52="PASTRY",40))))) -> 50 | J52: 3 | K52: =I52*J52 -> 150
A53: 152 | B53: 45158 | C53: FLIPKART | D53: MUMBAI | E53: AMIT | F53: WEST | G53: PIZZA | H53: =IF(G53="COKE","BEVERAGE",IF(G53="CAKE","DESSERT",IF(G53="PIZZA","MAIN COURSE",IF(G53="BURGER","MAIN COURSE",IF(G53="PASTRY","DESSERT",""))))) -> MAIN COURSE | I53: =IF(G53="COKE",20,IF(G53="CAKE",50,IF(G53="PIZZA",100,IF(G53="BURGER",80,IF(G53="PASTRY",40))))) -> 100 | J53: 4 | K53: =I53*J53 -> 400
A54: 153 | B54: 45097 | C54: UBER | D54: GURGAON | E54: SUMIT | F54: NORTH | G54: BURGER | H54: =IF(G54="COKE","BEVERAGE",IF(G54="CAKE","DESSERT",IF(G54="PIZZA","MAIN COURSE",IF(G54="BURGER","MAIN COURSE",IF(G54="PASTRY","DESSERT",""))))) -> MAIN COURSE | I54: =IF(G54="COKE",20,IF(G54="CAKE",50,IF(G54="PIZZA",100,IF(G54="BURGER",80,IF(G54="PASTRY",40))))) -> 80 | J54: 1 | K54: =I54*J54 -> 80
A55: 154 | B55: 45064 | C55: SHOPSY | D55: GURGAON | E55: AMAN | F55: NORTH | G55: PASTRY | H55: =IF(G55="COKE","BEVERAGE",IF(G55="CAKE","DESSERT",IF(G55="PIZZA","MAIN COURSE",IF(G55="BURGER","MAIN COURSE",IF(G55="PASTRY","DESSERT",""))))) -> DESSERT | I55: =IF(G55="COKE",20,IF(G55="CAKE",50,IF(G55="PIZZA",100,IF(G55="BURGER",80,IF(G55="PASTRY",40))))) -> 40 | J55: 1 | K55: =I55*J55 -> 40
A56: 155 | B56: 45142 | C56: TESLA | D56: PUNE | E56: SAM | F56: WEST | G56: COKE | H56: =IF(G56="COKE","BEVERAGE",IF(G56="CAKE","DESSERT",IF(G56="PIZZA","MAIN COURSE",IF(G56="BURGER","MAIN COURSE",IF(G56="PASTRY","DESSERT",""))))) -> BEVERAGE | I56: =IF(G56="COKE",20,IF(G56="CAKE",50,IF(G56="PIZZA",100,IF(G56="BURGER",80,IF(G56="PASTRY",40))))) -> 20 | J56: 4 | K56: =I56*J56 -> 80
A57: 156 | B57: 45150 | C57: AMAZON | D57: HYDERABAD | E57: PRIYA | F57: SOUTH | G57: COKE | H57: =IF(G57="COKE","BEVERAGE",IF(G57="CAKE","DESSERT",IF(G57="PIZZA","MAIN COURSE",IF(G57="BURGER","MAIN COURSE",IF(G57="PASTRY","DESSERT",""))))) -> BEVERAGE | I57: =IF(G57="COKE",20,IF(G57="CAKE",50,IF(G57="PIZZA",100,IF(G57="BURGER",80,IF(G57="PASTRY",40))))) -> 20 | J57: 1 | K57: =I57*J57 -> 20
A58: 157 | B58: 45031 | C58: UBER | D58: MUMBAI | E58: SAM | F58: WEST | G58: CAKE | H58: =IF(G58="COKE","BEVERAGE",IF(G58="CAKE","DESSERT",IF(G58="PIZZA","MAIN COURSE",IF(G58="BURGER","MAIN COURSE",IF(G58="PASTRY","DESSERT",""))))) -> DESSERT | I58: =IF(G58="COKE",20,IF(G58="CAKE",50,IF(G58="PIZZA",100,IF(G58="BURGER",80,IF(G58="PASTRY",40))))) -> 50 | J58: 4 | K58: =I58*J58 -> 200
A59: 158 | B59: 45064 | C59: SHOPSY | D59: GURGAON | E59: PRIYA | F59: NORTH | G59: PIZZA | H59: =IF(G59="COKE","BEVERAGE",IF(G59="CAKE","DESSERT",IF(G59="PIZZA","MAIN COURSE",IF(G59="BURGER","MAIN COURSE",IF(G59="PASTRY","DESSERT",""))))) -> MAIN COURSE | I59: =IF(G59="COKE",20,IF(G59="CAKE",50,IF(G59="PIZZA",100,IF(G59="BURGER",80,IF(G59="PASTRY",40))))) -> 100 | J59: 2 | K59: =I59*J59 -> 200
A60: 159 | B60: 45142 | C60: TESLA | D60: DELHI | E60: AMIT | F60: NORTH | G60: BURGER | H60: =IF(G60="COKE","BEVERAGE",IF(G60="CAKE","DESSERT",IF(G60="PIZZA","MAIN COURSE",IF(G60="BURGER","MAIN COURSE",IF(G60="PASTRY","DESSERT",""))))) -> MAIN COURSE | I60: =IF(G60="COKE",20,IF(G60="CAKE",50,IF(G60="PIZZA",100,IF(G60="BURGER",80,IF(G60="PASTRY",40))))) -> 80 | J60: 4 | K60: =I60*J60 -> 320
A61: 160 | B61: 45150 | C61: AMAZON | D61: NOIDA | E61: SUMIT | F61: NORTH | G61: PASTRY | H61: =IF(G61="COKE","BEVERAGE",IF(G61="CAKE","DESSERT",IF(G61="PIZZA","MAIN COURSE",IF(G61="BURGER","MAIN COURSE",IF(G61="PASTRY","DESSERT",""))))) -> DESSERT | I61: =IF(G61="COKE",20,IF(G61="CAKE",50,IF(G61="PIZZA",100,IF(G61="BURGER",80,IF(G61="PASTRY",40))))) -> 40 | J61: 4 | K61: =I61*J61 -> 160
A62: 161 | B62: 45031 | C62: FLIPKART | D62: PUNE | E62: AMAN | F62: WEST | G62: COKE | H62: =IF(G62="COKE","BEVERAGE",IF(G62="CAKE","DESSERT",IF(G62="PIZZA","MAIN COURSE",IF(G62="BURGER","MAIN COURSE",IF(G62="PASTRY","DESSERT",""))))) -> BEVERAGE | I62: =IF(G62="COKE",20,IF(G62="CAKE",50,IF(G62="PIZZA",100,IF(G62="BURGER",80,IF(G62="PASTRY",40))))) -> 20 | J62: 5 | K62: =I62*J62 -> 100
A63: 162 | B63: 45154 | C63: UBER | D63: HYDERABAD | E63: SAM | F63: SOUTH | G63: CAKE | H63: =IF(G63="COKE","BEVERAGE",IF(G63="CAKE","DESSERT",IF(G63="PIZZA","MAIN COURSE",IF(G63="BURGER","MAIN COURSE",IF(G63="PASTRY","DESSERT",""))))) -> DESSERT | I63: =IF(G63="COKE",20,IF(G63="CAKE",50,IF(G63="PIZZA",100,IF(G63="BURGER",80,IF(G63="PASTRY",40))))) -> 50 | J63: 2 | K63: =I63*J63 -> 100
A64: 163 | B64: 45060 | C64: AMAZON | D64: MUMBAI | E64: PRIYA | F64: WEST | G64: PIZZA | H64: =IF(G64="COKE","BEVERAGE",IF(G64="CAKE","DESSERT",IF(G64="PIZZA","MAIN COURSE",IF(G64="BURGER","MAIN COURSE",IF(G64="PASTRY","DESSERT",""))))) -> MAIN COURSE | I64: =IF(G64="COKE",20,IF(G64="CAKE",50,IF(G64="PIZZA",100,IF(G64="BURGER",80,IF(G64="PASTRY",40))))) -> 100 | J64: 1 | K64: =I64*J64 -> 100
... A69: 168 | B69: 45079 | C69: AMAZON | D69: GURGAON | E69: PRIYA | F69: NORTH | G69: CAKE | H69: =IF(G69="COKE","BEVERAGE",IF(G69="CAKE","DESSERT",IF(G69="PIZZA","MAIN COURSE",IF(G69="BURGER","MAIN COURSE",IF(G69="PASTRY","DESSERT",""))))) -> DESSERT | I69: =IF(G69="COKE",20,IF(G69="CAKE",50,IF(G69="PIZZA",100,IF(G69="BURGER",80,IF(G69="PASTRY",40))))) -> 50 | J69: 1 | K69: =I69*J69 -> 50
A70: 169 | B70: =TODAY() -> 46317 | C70: FLIPKART | D70: GURGAON | E70: AMIT | F70: NORTH | G70: PIZZA | H70: =IF(G70="COKE","BEVERAGE",IF(G70="CAKE","DESSERT",IF(G70="PIZZA","MAIN COURSE",IF(G70="BURGER","MAIN COURSE",IF(G70="PASTRY","DESSERT",""))))) -> MAIN COURSE | I70: =IF(G70="COKE",20,IF(G70="CAKE",50,IF(G70="PIZZA",100,IF(G70="BURGER",80,IF(G70="PASTRY",40))))) -> 100 | J70: 2 | K70: =I70*J70 -> 200
A71: 170 | B71: 45158 | C71: FLIPKART | D71: PUNE | E71: SUMIT | F71: WEST | G71: BURGER | H71: =IF(G71="COKE","BEVERAGE",IF(G71="CAKE","DESSERT",IF(G71="PIZZA","MAIN COURSE",IF(G71="BURGER","MAIN COURSE",IF(G71="PASTRY","DESSERT",""))))) -> MAIN COURSE | I71: =IF(G71="COKE",20,IF(G71="CAKE",50,IF(G71="PIZZA",100,IF(G71="BURGER",80,IF(G71="PASTRY",40))))) -> 80 | J71: 1 | K71: =I71*J71 -> 80
A72: 171 | B72: 45097 | C72: UBER | D72: HYDERABAD | E72: AMAN | F72: SOUTH | G72: PASTRY | H72: =IF(G72="COKE","BEVERAGE",IF(G72="CAKE","DESSERT",IF(G72="PIZZA","MAIN COURSE",IF(G72="BURGER","MAIN COURSE",IF(G72="PASTRY","DESSERT",""))))) -> DESSERT | I72: =IF(G72="COKE",20,IF(G72="CAKE",50,IF(G72="PIZZA",100,IF(G72="BURGER",80,IF(G72="PASTRY",40))))) -> 40 | J72: 1 | K72: =I72*J72 -> 40
A73: 172 | B73: 45064 | C73: AMAZON | D73: MUMBAI | E73: SAM | F73: WEST | G73: COKE | H73: =IF(G73="COKE","BEVERAGE",IF(G73="CAKE","DESSERT",IF(G73="PIZZA","MAIN COURSE",IF(G73="BURGER","MAIN COURSE",IF(G73="PASTRY","DESSERT",""))))) -> BEVERAGE | I73: =IF(G73="COKE",20,IF(G73="CAKE",50,IF(G73="PIZZA",100,IF(G73="BURGER",80,IF(G73="PASTRY",40))))) -> 20 | J73: 2 | K73: =I73*J73 -> 40
A74: 173 | B74: 45142 | C74: FLIPKART | D74: GURGAON | E74: SUMIT | F74: NORTH | G74: CAKE | H74: =IF(G74="COKE","BEVERAGE",IF(G74="CAKE","DESSERT",IF(G74="PIZZA","MAIN COURSE",IF(G74="BURGER","MAIN COURSE",IF(G74="PASTRY","DESSERT",""))))) -> DESSERT | I74: =IF(G74="COKE",20,IF(G74="CAKE",50,IF(G74="PIZZA",100,IF(G74="BURGER",80,IF(G74="PASTRY",40))))) -> 50 | J74: 5 | K74: =I74*J74 -> 250
A75: 174 | B75: 45150 | C75: UBER | D75: DELHI | E75: AMAN | F75: NORTH | G75: PIZZA | H75: =IF(G75="COKE","BEVERAGE",IF(G75="CAKE","DESSERT",IF(G75="PIZZA","MAIN COURSE",IF(G75="BURGER","MAIN COURSE",IF(G75="PASTRY","DESSERT",""))))) -> MAIN COURSE | I75: =IF(G75="COKE",20,IF(G75="CAKE",50,IF(G75="PIZZA",100,IF(G75="BURGER",80,IF(G75="PASTRY",40))))) -> 100 | J75: 2 | K75: =I75*J75 -> 200
A76: 175 | B76: 45031 | C76: SHOPSY | D76: NOIDA | E76: SAM | F76: NORTH | G76: BURGER | H76: =IF(G76="COKE","BEVERAGE",IF(G76="CAKE","DESSERT",IF(G76="PIZZA","MAIN COURSE",IF(G76="BURGER","MAIN COURSE",IF(G76="PASTRY","DESSERT",""))))) -> MAIN COURSE | I76: =IF(G76="COKE",20,IF(G76="CAKE",50,IF(G76="PIZZA",100,IF(G76="BURGER",80,IF(G76="PASTRY",40))))) -> 80 | J76: 1 | K76: =I76*J76 -> 80
A77: 176 | B77: 45064 | C77: FLIPKART | D77: PUNE | E77: PRIYA | F77: WEST | G77: CAKE | H77: =IF(G77="COKE","BEVERAGE",IF(G77="CAKE","DESSERT",IF(G77="PIZZA","MAIN COURSE",IF(G77="BURGER","MAIN COURSE",IF(G77="PASTRY","DESSERT",""))))) -> DESSERT | I77: =IF(G77="COKE",20,IF(G77="CAKE",50,IF(G77="PIZZA",100,IF(G77="BURGER",80,IF(G77="PASTRY",40))))) -> 50 | J77: 5 | K77: =I77*J77 -> 250
A78: 177 | B78: 45142 | C78: UBER | D78: HYDERABAD | E78: AMIT | F78: SOUTH | G78: PIZZA | H78: =IF(G78="COKE","BEVERAGE",IF(G78="CAKE","DESSERT",IF(G78="PIZZA","MAIN COURSE",IF(G78="BURGER","MAIN COURSE",IF(G78="PASTRY","DESSERT",""))))) -> MAIN COURSE | I78: =IF(G78="COKE",20,IF(G78="CAKE",50,IF(G78="PIZZA",100,IF(G78="BURGER",80,IF(G78="PASTRY",40))))) -> 100 | J78: 1 | K78: =I78*J78 -> 100
A79: 178 | B79: 45150 | C79: AMAZON | D79: MUMBAI | E79: SUMIT | F79: WEST | G79: BURGER | H79: =IF(G79="COKE","BEVERAGE",IF(G79="CAKE","DESSERT",IF(G79="PIZZA","MAIN COURSE",IF(G79="BURGER","MAIN COURSE",IF(G79="PASTRY","DESSERT",""))))) -> MAIN COURSE | I79: =IF(G79="COKE",20,IF(G79="CAKE",50,IF(G79="PIZZA",100,IF(G79="BURGER",80,IF(G79="PASTRY",40))))) -> 80 | J79: 4 | K79: =I79*J79 -> 320
A80: 179 | B80: 45031 | C80: FLIPKART | D80: GURGAON | E80: AMAN | F80: NORTH | G80: PASTRY | H80: =IF(G80="COKE","BEVERAGE",IF(G80="CAKE","DESSERT",IF(G80="PIZZA","MAIN COURSE",IF(G80="BURGER","MAIN COURSE",IF(G80="PASTRY","DESSERT",""))))) -> DESSERT | I80: =IF(G80="COKE",20,IF(G80="CAKE",50,IF(G80="PIZZA",100,IF(G80="BURGER",80,IF(G80="PASTRY",40))))) -> 40 | J80: 3 | K80: =I80*J80 -> 120
A81: 180 | B81: 45154 | C81: UBER | D81: DELHI | E81: SAM | F81: NORTH | G81: COKE | H81: =IF(G81="COKE","BEVERAGE",IF(G81="CAKE","DESSERT",IF(G81="PIZZA","MAIN COURSE",IF(G81="BURGER","MAIN COURSE",IF(G81="PASTRY","DESSERT",""))))) -> BEVERAGE | I81: =IF(G81="COKE",20,IF(G81="CAKE",50,IF(G81="PIZZA",100,IF(G81="BURGER",80,IF(G81="PASTRY",40))))) -> 20 | J81: 1 | K81: =I81*J81 -> 20
A82: 181 | B82: 45060 | C82: SHOPSY | D82: NOIDA | E82: PRIYA | F82: NORTH | G82: COKE | H82: =IF(G82="COKE","BEVERAGE",IF(G82="CAKE","DESSERT",IF(G82="PIZZA","MAIN COURSE",IF(G82="BURGER","MAIN COURSE",IF(G82="PASTRY","DESSERT",""))))) -> BEVERAGE | I82: =IF(G82="COKE",20,IF(G82="CAKE",50,IF(G82="PIZZA",100,IF(G82="BURGER",80,IF(G82="PASTRY",40))))) -> 20 | J82: 1 | K82: =I82*J82 -> 20
A83: 182 | B83: =TODAY() -> 46317 | C83: TESLA | D83: PUNE | E83: AMIT | F83: WEST | G83: CAKE | H83: =IF(G83="COKE","BEVERAGE",IF(G83="CAKE","DESSERT",IF(G83="PIZZA","MAIN COURSE",IF(G83="BURGER","MAIN COURSE",IF(G83="PASTRY","DESSERT",""))))) -> DESSERT | I83: =IF(G83="COKE",20,IF(G83="CAKE",50,IF(G83="PIZZA",100,IF(G83="BURGER",80,IF(G83="PASTRY",40))))) -> 50 | J83: 2 | K83: =I83*J83 -> 100
A84: 183 | B84: 45158 | C84: AMAZON | D84: HYDERABAD | E84: SUMIT | F84: SOUTH | G84: PIZZA | H84: =IF(G84="COKE","BEVERAGE",IF(G84="CAKE","DESSERT",IF(G84="PIZZA","MAIN COURSE",IF(G84="BURGER","MAIN COURSE",IF(G84="PASTRY","DESSERT",""))))) -> MAIN COURSE | I84: =IF(G84="COKE",20,IF(G84="CAKE",50,IF(G84="PIZZA",100,IF(G84="BURGER",80,IF(G84="PASTRY",40))))) -> 100 | J84: 2 | K84: =I84*J84 -> 200
A85: 184 | B85: 45097 | C85: FLIPKART | D85: MUMBAI | E85: AMAN | F85: WEST | G85: BURGER | H85: =IF(G85="COKE","BEVERAGE",IF(G85="CAKE","DESSERT",IF(G85="PIZZA","MAIN COURSE",IF(G85="BURGER","MAIN COURSE",IF(G85="PASTRY","DESSERT",""))))) -> MAIN COURSE | I85: =IF(G85="COKE",20,IF(G85="CAKE",50,IF(G85="PIZZA",100,IF(G85="BURGER",80,IF(G85="PASTRY",40))))) -> 80 | J85: 2 | K85: =I85*J85 -> 160
A86: 185 | B86: 45064 | C86: UBER | D86: HYDERABAD | E86: SAM | F86: SOUTH | G86: PASTRY | H86: =IF(G86="COKE","BEVERAGE",IF(G86="CAKE","DESSERT",IF(G86="PIZZA","MAIN COURSE",IF(G86="BURGER","MAIN COURSE",IF(G86="PASTRY","DESSERT",""))))) -> DESSERT | I86: =IF(G86="COKE",20,IF(G86="CAKE",50,IF(G86="PIZZA",100,IF(G86="BURGER",80,IF(G86="PASTRY",40))))) -> 40 | J86: 5 | K86: =I86*J86 -> 200
A87: 186 | B87: 45142 | C87: SHOPSY | D87: MUMBAI | E87: PRIYA | F87: WEST | G87: COKE | H87: =IF(G87="COKE","BEVERAGE",IF(G87="CAKE","DESSERT",IF(G87="PIZZA","MAIN COURSE",IF(G87="BURGER","MAIN COURSE",IF(G87="PASTRY","DESSERT",""))))) -> BEVERAGE | I87: =IF(G87="COKE",20,IF(G87="CAKE",50,IF(G87="PIZZA",100,IF(G87="BURGER",80,IF(G87="PASTRY",40))))) -> 20 | J87: 3 | K87: =I87*J87 -> 60
A88: 187 | B88: 45150 | C88: TESLA | D88: GURGAON | E88: AMIT | F88: NORTH | G88: CAKE | H88: =IF(G88="COKE","BEVERAGE",IF(G88="CAKE","DESSERT",IF(G88="PIZZA","MAIN COURSE",IF(G88="BURGER","MAIN COURSE",IF(G88="PASTRY","DESSERT",""))))) -> DESSERT | I88: =IF(G88="COKE",20,IF(G88="CAKE",50,IF(G88="PIZZA",100,IF(G88="BURGER",80,IF(G88="PASTRY",40))))) -> 50 | J88: 5 | K88: =I88*J88 -> 250
A89: 188 | B89: 45031 | C89: AMAZON | D89: PUNE | E89: SUMIT | F89: WEST | G89: PIZZA | H89: =IF(G89="COKE","BEVERAGE",IF(G89="CAKE","DESSERT",IF(G89="PIZZA","MAIN COURSE",IF(G89="BURGER","MAIN COURSE",IF(G89="PASTRY","DESSERT",""))))) -> MAIN COURSE | I89: =IF(G89="COKE",20,IF(G89="CAKE",50,IF(G89="PIZZA",100,IF(G89="BURGER",80,IF(G89="PASTRY",40))))) -> 100 | J89: 3 | K89: =I89*J89 -> 300
A90: 189 | B90: 45064 | C90: FLIPKART | D90: HYDERABAD | E90: AMAN | F90: SOUTH | G90: BURGER | H90: =IF(G90="COKE","BEVERAGE",IF(G90="CAKE","DESSERT",IF(G90="PIZZA","MAIN COURSE",IF(G90="BURGER","MAIN COURSE",IF(G90="PASTRY","DESSERT",""))))) -> MAIN COURSE | I90: =IF(G90="COKE",20,IF(G90="CAKE",50,IF(G90="PIZZA",100,IF(G90="BURGER",80,IF(G90="PASTRY",40))))) -> 80 | J90: 1 | K90: =I90*J90 -> 80
A91: 190 | B91: 45142 | C91: UBER | D91: MUMBAI | E91: SAM | F91: WEST | G91: CAKE | H91: =IF(G91="COKE","BEVERAGE",IF(G91="CAKE","DESSERT",IF(G91="PIZZA","MAIN COURSE",IF(G91="BURGER","MAIN COURSE",IF(G91="PASTRY","DESSERT",""))))) -> DESSERT | I91: =IF(G91="COKE",20,IF(G91="CAKE",50,IF(G91="PIZZA",100,IF(G91="BURGER",80,IF(G91="PASTRY",40))))) -> 50 | J91: 3 | K91: =I91*J91 -> 150
A92: 191 | B92: 45150 | C92: FLIPKART | D92: GURGAON | E92: PRIYA | F92: NORTH | G92: COKE | H92: =IF(G92="COKE","BEVERAGE",IF(G92="CAKE","DESSERT",IF(G92="PIZZA","MAIN COURSE",IF(G92="BURGER","MAIN COURSE",IF(G92="PASTRY","DESSERT",""))))) -> BEVERAGE | I92: =IF(G92="COKE",20,IF(G92="CAKE",50,IF(G92="PIZZA",100,IF(G92="BURGER",80,IF(G92="PASTRY",40))))) -> 20 | J92: 3 | K92: =I92*J92 -> 60
A93: 192 | B93: 45031 | C93: UBER | D93: GURGAON | E93: SAM | F93: NORTH | G93: CAKE | H93: =IF(G93="COKE","BEVERAGE",IF(G93="CAKE","DESSERT",IF(G93="PIZZA","MAIN COURSE",IF(G93="BURGER","MAIN COURSE",IF(G93="PASTRY","DESSERT",""))))) -> DESSERT | I93: =IF(G93="COKE",20,IF(G93="CAKE",50,IF(G93="PIZZA",100,IF(G93="BURGER",80,IF(G93="PASTRY",40))))) -> 50 | J93: 1 | K93: =I93*J93 -> 50
A94: 193 | B94: 45154 | C94: SHOPSY | D94: PUNE | E94: PRIYA | F94: WEST | G94: PIZZA | H94: =IF(G94="COKE","BEVERAGE",IF(G94="CAKE","DESSERT",IF(G94="PIZZA","MAIN COURSE",IF(G94="BURGER","MAIN COURSE",IF(G94="PASTRY","DESSERT",""))))) -> MAIN COURSE | I94: =IF(G94="COKE",20,IF(G94="CAKE",50,IF(G94="PIZZA",100,IF(G94="BURGER",80,IF(G94="PASTRY",40))))) -> 100 | J94: 5 | K94: =I94*J94 -> 500
A95: 194 | B95: 45060 | C95: TESLA | D95: HYDERABAD | E95: AMIT | F95: SOUTH | G95: BURGER | H95: =IF(G95="COKE","BEVERAGE",IF(G95="CAKE","DESSERT",IF(G95="PIZZA","MAIN COURSE",IF(G95="BURGER","MAIN COURSE",IF(G95="PASTRY","DESSERT",""))))) -> MAIN COURSE | I95: =IF(G95="COKE",20,IF(G95="CAKE",50,IF(G95="PIZZA",100,IF(G95="BURGER",80,IF(G95="PASTRY",40))))) -> 80 | J95: 1 | K95: =I95*J95 -> 80
... A97: 196 | B97: 45079 | C97: UBER | D97: GURGAON | E97: AMAN | F97: NORTH | G97: PIZZA | H97: =IF(G97="COKE","BEVERAGE",IF(G97="CAKE","DESSERT",IF(G97="PIZZA","MAIN COURSE",IF(G97="BURGER","MAIN COURSE",IF(G97="PASTRY","DESSERT",""))))) -> MAIN COURSE | I97: =IF(G97="COKE",20,IF(G97="CAKE",50,IF(G97="PIZZA",100,IF(G97="BURGER",80,IF(G97="PASTRY",40))))) -> 100 | J97: 2 | K97: =I97*J97 -> 200
A98: 197 | B98: =TODAY() -> 46317 | C98: SHOPSY | D98: DELHI | E98: SAM | F98: NORTH | G98: BURGER | H98: =IF(G98="COKE","BEVERAGE",IF(G98="CAKE","DESSERT",IF(G98="PIZZA","MAIN COURSE",IF(G98="BURGER","MAIN COURSE",IF(G98="PASTRY","DESSERT",""))))) -> MAIN COURSE | I98: =IF(G98="COKE",20,IF(G98="CAKE",50,IF(G98="PIZZA",100,IF(G98="BURGER",80,IF(G98="PASTRY",40))))) -> 80 | J98: 5 | K98: =I98*J98 -> 400
A99: 198 | B99: 45158 | C99: TESLA | D99: PUNE | E99: PRIYA | F99: WEST | G99: PASTRY | H99: =IF(G99="COKE","BEVERAGE",IF(G99="CAKE","DESSERT",IF(G99="PIZZA","MAIN COURSE",IF(G99="BURGER","MAIN COURSE",IF(G99="PASTRY","DESSERT",""))))) -> DESSERT | I99: =IF(G99="COKE",20,IF(G99="CAKE",50,IF(G99="PIZZA",100,IF(G99="BURGER",80,IF(G99="PASTRY",40))))) -> 40 | J99: 4 | K99: =I99*J99 -> 160
A100: 199 | B100: 45142 | C100: AMAZON | D100: HYDERABAD | E100: AMIT | F100: SOUTH | G100: COKE | H100: =IF(G100="COKE","BEVERAGE",IF(G100="CAKE","DESSERT",IF(G100="PIZZA","MAIN COURSE",IF(G100="BURGER","MAIN COURSE",IF(G100="PASTRY","DESSERT",""))))) -> BEVERAGE | I100: =IF(G100="COKE",20,IF(G100="CAKE",50,IF(G100="PIZZA",100,IF(G100="BURGER",80,IF(G100="PASTRY",40))))) -> 20 | J100: 3 | K100: =I100*J100 -> 60
A101: 200 | B101: 45150 | C101: FLIPKART | D101: MUMBAI | E101: SUMIT | F101: WEST | G101: COKE | H101: =IF(G101="COKE","BEVERAGE",IF(G101="CAKE","DESSERT",IF(G101="PIZZA","MAIN COURSE",IF(G101="BURGER","MAIN COURSE",IF(G101="PASTRY","DESSERT",""))))) -> BEVERAGE | I101: =IF(G101="COKE",20,IF(G101="CAKE",50,IF(G101="PIZZA",100,IF(G101="BURGER",80,IF(G101="PASTRY",40))))) -> 20 | J101: 5 | K101: =I101*J101 -> 100
A102: 201 | B102: 45031 | C102: FLIPKART | D102: GURGAON | E102: AMAN | F102: NORTH | G102: CAKE | H102: =IF(G102="COKE","BEVERAGE",IF(G102="CAKE","DESSERT",IF(G102="PIZZA","MAIN COURSE",IF(G102="BURGER","MAIN COURSE",IF(G102="PASTRY","DESSERT",""))))) -> DESSERT | I102: =IF(G102="COKE",20,IF(G102="CAKE",50,IF(G102="PIZZA",100,IF(G102="BURGER",80,IF(G102="PASTRY",40))))) -> 50 | J102: 1 | K102: =I102*J102 -> 50
A103: 202 | B103: 45154 | C103: FLIPKART | D103: DELHI | E103: AMIT | F103: NORTH | G103: PIZZA | H103: =IF(G103="COKE","BEVERAGE",IF(G103="CAKE","DESSERT",IF(G103="PIZZA","MAIN COURSE",IF(G103="BURGER","MAIN COURSE",IF(G103="PASTRY","DESSERT",""))))) -> MAIN COURSE | I103: =IF(G103="COKE",20,IF(G103="CAKE",50,IF(G103="PIZZA",100,IF(G103="BURGER",80,IF(G103="PASTRY",40))))) -> 100 | J103: 3 | K103: =I103*J103 -> 300
A104: 203 | B104: 45060 | C104: UBER | D104: NOIDA | E104: SUMIT | F104: NORTH | G104: BURGER | H104: =IF(G104="COKE","BEVERAGE",IF(G104="CAKE","DESSERT",IF(G104="PIZZA","MAIN COURSE",IF(G104="BURGER","MAIN COURSE",IF(G104="PASTRY","DESSERT",""))))) -> MAIN COURSE | I104: =IF(G104="COKE",20,IF(G104="CAKE",50,IF(G104="PIZZA",100,IF(G104="BURGER",80,IF(G104="PASTRY",40))))) -> 80 | J104: 5 | K104: =I104*J104 -> 400
A105: 204 | B105: 45065 | C105: AMAZON | D105: PUNE | E105: AMAN | F105: WEST | G105: PASTRY | H105: =IF(G105="COKE","BEVERAGE",IF(G105="CAKE","DESSERT",IF(G105="PIZZA","MAIN COURSE",IF(G105="BURGER","MAIN COURSE",IF(G105="PASTRY","DESSERT",""))))) -> DESSERT | I105: =IF(G105="COKE",20,IF(G105="CAKE",50,IF(G105="PIZZA",100,IF(G105="BURGER",80,IF(G105="PASTRY",40))))) -> 40 | J105: 1 | K105: =I105*J105 -> 40
A106: 205 | B106: 45079 | C106: FLIPKART | D106: HYDERABAD | E106: SAM | F106: SOUTH | G106: COKE | H106: =IF(G106="COKE","BEVERAGE",IF(G106="CAKE","DESSERT",IF(G106="PIZZA","MAIN COURSE",IF(G106="BURGER","MAIN COURSE",IF(G106="PASTRY","DESSERT",""))))) -> BEVERAGE | I106: =IF(G106="COKE",20,IF(G106="CAKE",50,IF(G106="PIZZA",100,IF(G106="BURGER",80,IF(G106="PASTRY",40))))) -> 20 | J106: 1 | K106: =I106*J106 -> 20
A107: 206 | B107: =TODAY() -> 46317 | C107: UBER | D107: MUMBAI | E107: SUMIT | F107: WEST | G107: CAKE | H107: =IF(G107="COKE","BEVERAGE",IF(G107="CAKE","DESSERT",IF(G107="PIZZA","MAIN COURSE",IF(G107="BURGER","MAIN COURSE",IF(G107="PASTRY","DESSERT",""))))) -> DESSERT | I107: =IF(G107="COKE",20,IF(G107="CAKE",50,IF(G107="PIZZA",100,IF(G107="BURGER",80,IF(G107="PASTRY",40))))) -> 50 | J107: 5 | K107: =I107*J107 -> 250
...

Sheet RECEIPT
A1: ALL INDIA FOOD BAAZAR
A8: S.R. NO. | B8: ITEM NAME | C8: REGION | D8: PRICE | E8: QUANTITY | F8: AMOUNT | G8: DISCOUNT | H8: AMOUNT AFTER DISCOUNT
A10: 102 | B10: =_xlfn.IFNA(VLOOKUP(A10,'RAW DATA'!A1:K121,7,FALSE),"") -> CAKE | C10: =_xlfn.IFNA(VLOOKUP(A10,'RAW DATA'!A2:K121,6,FALSE),"") -> SOUTH | D10: =_xlfn.IFNA(VLOOKUP(RECEIPT!A10,'RAW DATA'!A2:K121,9,FALSE),"") -> 50 | E10: 5 | F10: =_xlfn.IFNA(D10*E10,"") -> 250 | G10: =IF(F10>=500,F10*10%,IF(F10>=250,F10*5%,"")) -> 12.5 | H10: =IFERROR(F10-G10,"") -> 237.5
A11: 103 | B11: =_xlfn.IFNA(VLOOKUP(A11,'RAW DATA'!A2:K122,7,FALSE),"") -> PIZZA | C11: =_xlfn.IFNA(VLOOKUP(A11,'RAW DATA'!A3:K122,6,FALSE),"") -> WEST | D11: =_xlfn.IFNA(VLOOKUP(RECEIPT!A11,'RAW DATA'!A3:K122,9,FALSE),"") -> 100 | E11: 8 | F11: =_xlfn.IFNA(D11*E11,"") -> 800 | G11: =IF(F11>=500,F11*10%,IF(F11>=250,F11*5%,"")) -> 80 | H11: =IFERROR(F11-G11,"") -> 720
A12: 202 | B12: =_xlfn.IFNA(VLOOKUP(A12,'RAW DATA'!A3:K123,7,FALSE),"") -> PIZZA | C12: =_xlfn.IFNA(VLOOKUP(A12,'RAW DATA'!A4:K123,6,FALSE),"") -> NORTH | D12: =_xlfn.IFNA(VLOOKUP(RECEIPT!A12,'RAW DATA'!A4:K123,9,FALSE),"") -> 100 | E12: 9 | F12: =_xlfn.IFNA(D12*E12,"") -> 900 | G12: =IF(F12>=500,F12*10%,IF(F12>=250,F12*5%,"")) -> 90 | H12: =IFERROR(F12-G12,"") -> 810
A13: 204 | B13: =_xlfn.IFNA(VLOOKUP(A13,'RAW DATA'!A4:K124,7,FALSE),"") -> PASTRY | C13: =_xlfn.IFNA(VLOOKUP(A13,'RAW DATA'!A5:K124,6,FALSE),"") -> WEST | D13: =_xlfn.IFNA(VLOOKUP(RECEIPT!A13,'RAW DATA'!A5:K124,9,FALSE),"") -> 40 | F13: =_xlfn.IFNA(D13*E13,"") -> 0 | G13: =IF(F13>=500,F13*10%,IF(F13>=250,F13*5%,"")) | H13: =IFERROR(F13-G13,"")
B14: =_xlfn.IFNA(VLOOKUP(A14,'RAW DATA'!A5:K125,7,FALSE),"") | C14: =_xlfn.IFNA(VLOOKUP(A14,'RAW DATA'!A6:K125,6,FALSE),"") | D14: =_xlfn.IFNA(VLOOKUP(RECEIPT!A14,'RAW DATA'!A6:K125,9,FALSE),"") | F14: =IFERROR(D14*E14,"") | H14: =IFERROR(F14-G14,"")
B15: =_xlfn.IFNA(VLOOKUP(A15,'RAW DATA'!A6:K126,7,FALSE),"") | C15: =_xlfn.IFNA(VLOOKUP(A15,'RAW DATA'!A7:K126,6,FALSE),"") | D15: =_xlfn.IFNA(VLOOKUP(RECEIPT!A15,'RAW DATA'!A7:K126,9,FALSE),"") | F15: =IFERROR(D15*E15,"") | H15: =IFERROR(F15-G15,"")
B16: =_xlfn.IFNA(VLOOKUP(A16,'RAW DATA'!A7:K127,7,FALSE),"") | C16: =_xlfn.IFNA(VLOOKUP(A16,'RAW DATA'!A8:K127,6,FALSE),"") | D16: =_xlfn.IFNA(VLOOKUP(RECEIPT!A16,'RAW DATA'!A8:K127,9,FALSE),"") | F16: =IFERROR(D16*E16,"") | H16: =IFERROR(F16-G16,"")
B17: =_xlfn.IFNA(VLOOKUP(A17,'RAW DATA'!A8:K128,7,FALSE),"") | C17: =_xlfn.IFNA(VLOOKUP(A17,'RAW DATA'!A9:K128,6,FALSE),"") | D17: =_xlfn.IFNA(VLOOKUP(RECEIPT!A17,'RAW DATA'!A9:K128,9,FALSE),"") | F17: =IFERROR(D17*E17,"") | H17: =IFERROR(F17-G17,"")
B18: =_xlfn.IFNA(VLOOKUP(A18,'RAW DATA'!A9:K129,7,FALSE),"") | C18: =_xlfn.IFNA(VLOOKUP(A18,'RAW DATA'!A10:K129,6,FALSE),"") | D18: =_xlfn.IFNA(VLOOKUP(RECEIPT!A18,'RAW DATA'!A10:K129,9,FALSE),"") | F18: =IFERROR(D18*E18,"") | H18: =IFERROR(F18-G18,"")
B19: =_xlfn.IFNA(VLOOKUP(A19,'RAW DATA'!A10:K130,7,FALSE),"") | C19: =_xlfn.IFNA(VLOOKUP(A19,'RAW DATA'!A11:K130,6,FALSE),"") | D19: =_xlfn.IFNA(VLOOKUP(RECEIPT!A19,'RAW DATA'!A11:K130,9,FALSE),"") | F19: =IFERROR(D19*E19,"") | H19: =IFERROR(F19-G19,"")
B20: =_xlfn.IFNA(VLOOKUP(A20,'RAW DATA'!A11:K131,7,FALSE),"") | C20: =_xlfn.IFNA(VLOOKUP(A20,'RAW DATA'!A12:K131,6,FALSE),"") | D20: =_xlfn.IFNA(VLOOKUP(RECEIPT!A20,'RAW DATA'!A12:K131,9,FALSE),"") | F20: =IFERROR(D20*E20,"") | H20: =IFERROR(F20-G20,"")
A21: GRAND TOTAL | H21: =SUM(H10:H20) -> 1767.5

Sheet DASHBOARD
